skin_disorder_name,images
acne,acne affecting the back images0.jpg
acne,acne affecting the back images1.jpg
acne,acne affecting the back images10.jpg
acne,acne affecting the back images11.jpg
acne,acne affecting the back images12.jpg
acne,acne affecting the back images13.jpg
acne,acne affecting the back images14.jpg
acne,acne affecting the back images15.jpg
acne,acne affecting the back images16.jpg
acne,acne affecting the back images17.jpg
acne,acne affecting the back images18.jpg
acne,acne affecting the back images19.jpg
acne,acne affecting the back images2.jpg
acne,acne affecting the back images20.jpg
acne,acne affecting the back images21.jpg
acne,acne affecting the back images22.jpg
acne,acne affecting the back images23.jpg
acne,acne affecting the back images24.jpg
acne,acne affecting the back images25.jpg
acne,acne affecting the back images26.jpg
acne,acne affecting the back images27.jpg
acne,acne affecting the back images28.jpg
acne,acne affecting the back images29.jpg
acne,acne affecting the back images3.jpg
acne,acne affecting the back images30.jpg
acne,acne affecting the back images31.jpg
acne,acne affecting the back images32.jpg
acne,acne affecting the back images33.jpg
acne,acne affecting the back images34.jpg
acne,acne affecting the back images35.jpg
acne,acne affecting the back images36.jpg
acne,acne affecting the back images37.jpg
acne,acne affecting the back images38.jpg
acne,acne affecting the back images39.jpg
acne,acne affecting the back images4.jpg
acne,acne affecting the back images40.jpg
acne,acne affecting the back images5.jpg
acne,acne affecting the back images6.jpg
acne,acne affecting the back images7.jpg
acne,acne affecting the back images8.jpg
acne,acne affecting the back images9.jpg
acne,acne affecting the face images100.jpg
acne,acne affecting the face images101.jpg
acne,acne affecting the face images102.jpg
acne,acne affecting the face images103.jpg
acne,acne affecting the face images104.jpg
acne,acne affecting the face images105.jpg
acne,acne affecting the face images106.jpg
acne,acne affecting the face images107.jpg
acne,acne affecting the face images108.jpg
acne,acne affecting the face images109.jpg
acne,acne affecting the face images110.jpg
acne,acne affecting the face images111.jpg
acne,acne affecting the face images112.jpg
acne,acne affecting the face images113.jpg
acne,acne affecting the face images114.jpg
acne,acne affecting the face images115.jpg
acne,acne affecting the face images116.jpg
acne,acne affecting the face images117.jpg
acne,acne affecting the face images118.jpg
acne,acne affecting the face images119.jpg
acne,acne affecting the face images120.jpg
acne,acne affecting the face images121.jpg
acne,acne affecting the face images122.jpg
acne,acne affecting the face images123.jpg
acne,acne affecting the face images124.jpg
acne,acne affecting the face images125.jpg
acne,acne affecting the face images126.jpg
acne,acne affecting the face images127.jpg
acne,acne affecting the face images128.jpg
acne,acne affecting the face images129.jpg
acne,acne affecting the face images130.jpg
acne,acne affecting the face images131.jpg
acne,acne affecting the face images132.jpg
acne,acne affecting the face images133.jpg
acne,acne affecting the face images134.jpg
acne,acne affecting the face images135.jpg
acne,acne affecting the face images136.jpg
acne,acne affecting the face images137.jpg
acne,acne affecting the face images138.jpg
acne,acne affecting the face images139.jpg
acne,acne affecting the face images140.jpg
acne,acne affecting the face images141.jpg
acne,acne affecting the face images142.jpg
acne,acne affecting the face images143.jpg
acne,acne affecting the face images144.jpg
acne,acne affecting the face images145.jpg
acne,acne affecting the face images146.jpg
acne,acne affecting the face images147.jpg
acne,acne affecting the face images148.jpg
acne,acne affecting the face images149.jpg
acne,acne affecting the face images150.jpg
acne,acne affecting the face images151.jpg
acne,acne affecting the face images152.jpg
acne,acne affecting the face images153.jpg
acne,acne affecting the face images154.jpg
acne,acne affecting the face images155.jpg
acne,acne affecting the face images156.jpg
acne,acne affecting the face images157.jpg
acne,acne affecting the face images158.jpg
acne,acne affecting the face images159.jpg
acne,acne affecting the face images160.jpg
acne,acne affecting the face images161.jpg
acne,acne affecting the face images162.jpg
acne,acne affecting the face images163.jpg
acne,acne affecting the face images164.jpg
acne,acne affecting the face images165.jpg
acne,acne affecting the face images166.jpg
acne,acne affecting the face images167.jpg
acne,acne affecting the face images168.jpg
acne,acne affecting the face images169.jpg
acne,acne affecting the face images170.jpg
acne,acne affecting the face images171.jpg
acne,acne affecting the face images172.jpg
acne,acne affecting the face images173.jpg
acne,acne affecting the face images174.jpg
acne,acne affecting the face images175.jpg
acne,acne affecting the face images176.jpg
acne,acne affecting the face images177.jpg
acne,acne affecting the face images178.jpg
acne,acne affecting the face images179.jpg
acne,acne affecting the face images180.jpg
acne,acne affecting the face images181.jpg
acne,acne affecting the face images182.jpg
acne,acne affecting the face images183.jpg
acne,acne affecting the face images184.jpg
acne,acne affecting the face images185.jpg
acne,acne affecting the face images186.jpg
acne,acne affecting the face images187.jpg
acne,acne affecting the face images188.jpg
acne,acne affecting the face images189.jpg
acne,acne affecting the face images190.jpg
acne,acne affecting the face images191.jpg
acne,acne affecting the face images192.jpg
acne,acne affecting the face images193.jpg
acne,acne affecting the face images194.jpg
acne,acne affecting the face images195.jpg
acne,acne affecting the face images196.jpg
acne,acne affecting the face images197.jpg
acne,acne affecting the face images198.jpg
acne,acne affecting the face images199.jpg
acne,acne affecting the face images200.jpg
acne,acne affecting the face images201.jpg
acne,acne affecting the face images202.jpg
acne,acne affecting the face images203.jpg
acne,acne affecting the face images204.jpg
acne,acne affecting the face images205.jpg
acne,acne affecting the face images206.jpg
acne,acne affecting the face images207.jpg
acne,acne affecting the face images208.jpg
acne,acne affecting the face images209.jpg
acne,acne affecting the face images210.jpg
acne,acne affecting the face images211.jpg
acne,acne affecting the face images212.jpg
acne,acne affecting the face images213.jpg
acne,acne affecting the face images214.jpg
acne,acne affecting the face images215.jpg
acne,acne affecting the face images216.jpg
acne,acne affecting the face images217.jpg
acne,acne affecting the face images218.jpg
acne,acne affecting the face images219.jpg
acne,acne affecting the face images220.jpg
acne,acne affecting the face images221.jpg
acne,acne affecting the face images222.jpg
acne,acne affecting the face images223.jpg
acne,acne affecting the face images224.jpg
acne,acne affecting the face images225.jpg
acne,acne affecting the face images226.jpg
acne,acne affecting the face images227.jpg
acne,acne affecting the face images228.jpg
acne,acne affecting the face images229.jpg
acne,acne affecting the face images230.jpg
acne,acne affecting the face images231.jpg
acne,acne affecting the face images232.jpg
acne,acne affecting the face images233.jpg
acne,acne affecting the face images234.jpg
acne,acne affecting the face images235.jpg
acne,acne affecting the face images236.jpg
acne,acne affecting the face images237.jpg
acne,acne affecting the face images238.png
acne,acne affecting the face images239.jpg
acne,acne affecting the face images240.jpg
acne,acne affecting the face images241.jpg
acne,acne affecting the face images242.jpg
acne,acne affecting the face images243.jpg
acne,acne affecting the face images244.jpg
acne,acne affecting the face images245.jpg
acne,acne affecting the face images246.jpg
acne,acne affecting the face images247.jpg
acne,acne affecting the face images248.jpg
acne,acne affecting the face images249.jpg
acne,acne affecting the face images250.jpg
acne,acne affecting the face images251.jpg
acne,acne affecting the face images252.jpg
acne,acne affecting the face images253.jpg
acne,acne affecting the face images254.jpg
acne,acne affecting the face images255.jpg
acne,acne affecting the face images256.jpg
acne,acne affecting the face images257.jpg
acne,acne affecting the face images258.jpg
acne,acne affecting the face images259.jpg
acne,acne affecting the face images260.jpg
acne,acne affecting the face images261.jpg
acne,acne affecting the face images262.jpg
acne,acne affecting the face images263.jpg
acne,acne affecting the face images264.jpg
acne,acne affecting the face images265.jpg
acne,acne affecting the face images266.jpg
acne,acne affecting the face images267.jpg
acne,acne affecting the face images268.jpg
acne,acne affecting the face images269.jpg
acne,acne affecting the face images270.jpg
acne,acne affecting the face images271.jpg
acne,acne affecting the face images272.jpg
acne,acne affecting the face images273.jpg
acne,acne affecting the face images274.jpg
acne,acne affecting the face images275.jpg
acne,acne affecting the face images276.jpg
acne,acne affecting the face images277.jpg
acne,acne affecting the face images278.jpg
acne,acne affecting the face images279.jpg
acne,acne affecting the face images280.jpg
acne,acne affecting the face images281.jpg
acne,acne affecting the face images282.jpg
acne,acne affecting the face images283.jpg
acne,acne affecting the face images284.jpg
acne,acne affecting the face images285.jpg
acne,acne affecting the face images286.jpg
acne,acne affecting the face images287.jpg
acne,acne affecting the face images288.jpg
acne,acne affecting the face images289.jpg
acne,acne affecting the face images290.jpg
acne,acne affecting the face images291.jpg
acne,acne affecting the face images292.jpg
acne,acne affecting the face images293.png
acne,acne affecting the face images294.jpg
acne,acne affecting the face images41.jpg
acne,acne affecting the face images42.png
acne,acne affecting the face images43.png
acne,acne affecting the face images44.png
acne,acne affecting the face images45.png
acne,acne affecting the face images46.png
acne,acne affecting the face images47.png
acne,acne affecting the face images48.png
acne,acne affecting the face images49.png
acne,acne affecting the face images50.jpg
acne,acne affecting the face images51.jpg
acne,acne affecting the face images52.jpg
acne,acne affecting the face images53.jpg
acne,acne affecting the face images54.jpg
acne,acne affecting the face images55.jpg
acne,acne affecting the face images56.jpg
acne,acne affecting the face images57.jpg
acne,acne affecting the face images58.jpg
acne,acne affecting the face images59.jpg
acne,acne affecting the face images60.jpg
acne,acne affecting the face images61.jpg
acne,acne affecting the face images62.jpg
acne,acne affecting the face images63.jpg
acne,acne affecting the face images64.jpg
acne,acne affecting the face images65.jpg
acne,acne affecting the face images66.jpg
acne,acne affecting the face images67.jpg
acne,acne affecting the face images68.jpg
acne,acne affecting the face images69.jpg
acne,acne affecting the face images70.jpg
acne,acne affecting the face images71.jpg
acne,acne affecting the face images72.jpg
acne,acne affecting the face images73.jpg
acne,acne affecting the face images74.jpg
acne,acne affecting the face images75.jpg
acne,acne affecting the face images76.jpg
acne,acne affecting the face images77.jpg
acne,acne affecting the face images78.jpg
acne,acne affecting the face images79.jpg
acne,acne affecting the face images80.jpg
acne,acne affecting the face images81.jpg
acne,acne affecting the face images82.jpg
acne,acne affecting the face images83.jpg
acne,acne affecting the face images84.jpg
acne,acne affecting the face images85.jpg
acne,acne affecting the face images86.jpg
acne,acne affecting the face images87.jpg
acne,acne affecting the face images88.jpg
acne,acne affecting the face images89.jpg
acne,acne affecting the face images90.jpg
acne,acne affecting the face images91.jpg
acne,acne affecting the face images92.jpg
acne,acne affecting the face images93.jpg
acne,acne affecting the face images94.jpg
acne,acne affecting the face images95.jpg
acne,acne affecting the face images96.jpg
acne,acne affecting the face images97.jpg
acne,acne affecting the face images98.jpg
acne,acne affecting the face images99.jpg
acne,acne and other follicular disorder images299.jpg
acne,acne and other follicular disorder images301.jpg
acne,acne and other follicular disorder images302.jpg
acne,acne and other follicular disorder images305.jpg
acne,acne and other follicular disorder images306.jpg
acne,acne and other follicular disorder images312.jpg
acne,acne and other follicular disorder images324.jpg
acne,acne and other follicular disorder images327.jpg
acne,acne and other follicular disorder images331.jpg
acne,acne and other follicular disorder images332.jpg
acne,acne and other follicular disorder images334.jpg
acne,acne and other follicular disorder images335.jpg
acne,acne and other follicular disorder images336.jpg
acne,acne and other follicular disorder images340.jpg
acne,acne and other follicular disorder images352.jpg
acne,acne and other follicular disorder images353.jpg
acne,acne and other follicular disorder images356.jpg
acne,acne and other follicular disorder images357.jpg
acne,acne and other follicular disorder images358.jpg
acne,acne and other follicular disorder images360.jpg
acne,acne and other follicular disorder images365.jpg
acne,acne and other follicular disorder images370.jpg
acne,acne and other follicular disorder images379.jpg
acne,acne and other follicular disorder images383.jpg
acne,acne and other follicular disorder images386.jpg
acne,acne and other follicular disorder images391.jpg
acne,acne and other follicular disorder images399.jpg
acne,acne and other follicular disorder images400.jpg
acne,acne and other follicular disorder images401.jpg
acne,acne and other follicular disorder images404.jpg
acne,acne and other follicular disorder images406.jpg
acne,acne and other follicular disorder images407.jpg
acne,acne and other follicular disorder images410.jpg
acne,acne and other follicular disorder images412.jpg
acne,acne and other follicular disorder images414.jpg
acne,acne and other follicular disorder images418.jpg
acne,acne and other follicular disorder images435.jpg
acne,acne and other follicular disorder images439.jpg
acne,acne and other follicular disorder images440.jpg
acne,acne and other follicular disorder images442.jpg
acne,07Acne081101.jpg
acne,07Acne0811011 - Copy.jpg
acne,07AcnePittedScars.jpg
acne,07AcnePittedScars1 - Copy.jpg
acne,08PerioralDerm11.jpg
acne,0_19hJvhBaJyf8eJwT_.jpg
acne,0_before.jpg
acne,0_Skin.jpg
acne,1-inst-natural-acne-solutions-36374-150x150.jpg
acne,1-inst-natural-acne-solutions-36374-150x1501.jpg
acne,1.png
acne,10.jpg
acne,10_Skin1.jpg
acne,11.jpg
acne,12.jpg
acne,13 (1).jpg
acne,13.jpg
acne,14.jpg
acne,15.jpg
acne,16.jpg
acne,17.jpg
acne,17a4d1a917e5faa9f2675ebd83e52679.jpg
acne,17a4d1a917e5faa9f2675ebd83e526791 - Copy.jpg
acne,18.jpg
acne,182.JPG
acne,1821.JPG
acne,19280a95363d065b1dfbc654e2853029.jpg
acne,19280a95363d065b1dfbc654e28530291 - Copy.jpg
acne,1rlnayp9x3n2111.png
acne,1rlnayp9x3n21111.png
acne,2 (1).jpg
acne,2 (1).png
acne,2 (1)11.jpg
acne,2 (12).jpg
acne,2 (13).jpg
acne,2 (13)1.jpeg
acne,2 (13)11.jpg
acne,2 (13)111.jpeg
acne,2 (2).jpg
acne,2 (2)1.jpg
acne,2 (3).jpeg
acne,2 (3)1.jpeg
acne,2 (3)1.jpg
acne,2 (5).jpeg
acne,2 (5).jpg
acne,2 (51).jpg
acne,2 (52).jpg
acne,2 (52)1 - Copy.jpg
acne,2 (53).jpg
acne,2 (53)1 - Copy.jpg
acne,2 (54).jpg
acne,2 (54)1 - Copy.jpg
acne,2 (6).jpg
acne,2 (6)1.jpg
acne,2 (7).jpeg
acne,2 (7).jpg
acne,2 (7)1.jpg
acne,2 (8).jpeg
acne,2 (8)1.jpeg
acne,2 1(1)1 - Copy.jpg
acne,2.png
acne,20.jpeg
acne,20150721042601_primary.jpg
acne,20150721042601_primary1 - Copy.jpg
acne,20181225_191537.jpg.923b0605b45be754fbbed9051a9bea5e1 - Copy.jpg
acne,20190716_191036.jpg.705bf02f23326951059a91a967959d07.jpg
acne,20190716_191036.jpg.705bf02f23326951059a91a967959d071.jpg
acne,205841.jpg
acne,2058411.jpg
acne,20_before.jpg
acne,21.png
acne,23.jpg
acne,2327210.jpg
acne,24.jpg
acne,241b000fa0e0caf8cf8ac4b29137af48.jpg
acne,241b000fa0e0caf8cf8ac4b29137af481 - Copy.jpg
acne,25.jpg
acne,26.jpg
acne,28.png
acne,29.png
acne,2ff3b83bb9bdfec054e2c2273f02c8c6 - Copy.jpg
acne,353492fd44963e8f0f4e7ea4697aed7e.jpg
acne,353492fd44963e8f0f4e7ea4697aed7e1 - Copy.jpg
acne,362f516bc2be4f01904fb2950eb700f4.png
acne,362f516bc2be4f01904fb2950eb700f41.png
acne,39.jpg
acne,4.jpg
acne,40.jpg
acne,40279_2013_22_Fig4_HTML.jpg
acne,40279_2013_22_Fig4_HTML1.jpg
acne,40_19hJvhBaJyf8eJwT_.jpg
acne,41.jpg
acne,42.jpg
acne,43.jpg
acne,44.jpg
acne,45.jpg
acne,47.jpg
acne,4755A9F700000578-5179985-Desperate_attempts_to_rid_herself_of_the_unsightly_pimples_have_-a-55_1513271096522.jpg
acne,48.jpg
acne,4869DD4600000578-0-image-a-8_1516564527722.jpg
acne,49.jpg
acne,4A5DA7F500000578-5522003-Amy_who_battled_her_erupting_skin_for_15_years_says_doctors_dism-a-26_15215419581041.jpg
acne,5.jpg
acne,50.jpg
acne,51.png
acne,52.jpg
acne,53.jpg
acne,54.jpg
acne,54a279bcec5a872af278da1d9a9f7337--clear-skin-acne.jpg
acne,54a279bcec5a872af278da1d9a9f7337--clear-skin-acne1 - Copy.jpg
acne,55.jpg
acne,56.jpg
acne,57.jpg
acne,59.jpg
acne,60.PNG
acne,62.jpg
acne,63.jpg
acne,6f47313bb4aa44647c80e46385336467.jpg
acne,7.jpg
acne,752kd5y464t01.jpg
acne,752kd5y464t011 - Copy.jpg
acne,766x415_Accutane_Side_Effects.jpg
acne,7b5781acbf8cf3ef59928bf1fd56df9eC!r23ac1983a0274adecccb505518971ace.jpg
acne,7e7bc824b57675c0ccea09d48a46f0381.jpg
acne,83avy6u56eh211.jpg
acne,9.jpg
acne,a4adb9e50d8636f5ec9ce65269dd92f7.jpg
acne,acne (1).jpg
acne,acne-4.png
acne,Acne-Before4.png
acne,acne-breakout-GettyImages-11679106231.jpg
acne,acne-closed-comedo-002.jpg
acne,acne-closed-comedo-91 - Copy.jpg
acne,Acne-cyst-1-150x150.jpg
acne,acne-cystic-1.jpg
acne,acne-cystic-10.jpg
acne,acne-cystic-100.jpg
acne,acne-cystic-102.jpg
acne,acne-cystic-104.jpg
acne,acne-cystic-105.jpg
acne,acne-cystic-106.jpg
acne,acne-cystic-107.jpg
acne,acne-cystic-11.jpg
acne,acne-cystic-111.jpg
acne,acne-cystic-112.jpg
acne,acne-cystic-113.jpg
acne,acne-cystic-116.jpg
acne,acne-cystic-117.jpg
acne,acne-cystic-118.jpg
acne,acne-cystic-119.jpg
acne,acne-cystic-121.jpg
acne,acne-cystic-123.jpg
acne,acne-cystic-124.jpg
acne,acne-cystic-125.jpg
acne,acne-cystic-126.jpg
acne,acne-cystic-127.jpg
acne,acne-cystic-128.jpg
acne,acne-cystic-129.jpg
acne,acne-cystic-13.jpg
acne,acne-cystic-130.jpg
acne,acne-cystic-134.jpg
acne,acne-cystic-136.jpg
acne,acne-cystic-137.jpg
acne,acne-cystic-14.jpg
acne,acne-cystic-140.jpg
acne,acne-cystic-141.jpg
acne,acne-cystic-142.jpg
acne,acne-cystic-143.jpg
acne,acne-cystic-144.jpg
acne,acne-cystic-145.jpg
acne,acne-cystic-146.jpg
acne,acne-cystic-147.jpg
acne,acne-cystic-15.jpg
acne,acne-cystic-151.jpg
acne,acne-cystic-16.jpg
acne,acne-cystic-17.jpg
acne,acne-cystic-18.jpg
acne,acne-cystic-19.jpg
acne,acne-cystic-20.jpg
acne,acne-cystic-21.jpg
acne,acne-cystic-25.jpg
acne,acne-cystic-26.jpg
acne,acne-cystic-27.jpg
acne,acne-cystic-28.jpg
acne,acne-cystic-29.jpg
acne,acne-cystic-3.jpg
acne,acne-cystic-31.jpg
acne,acne-cystic-32.jpg
acne,acne-cystic-33.jpg
acne,acne-cystic-34.jpg
acne,acne-cystic-36.jpg
acne,acne-cystic-39.jpg
acne,acne-cystic-4.jpg
acne,acne-cystic-40.jpg
acne,acne-cystic-42.jpg
acne,acne-cystic-43.jpg
acne,acne-cystic-44.jpg
acne,acne-cystic-45.jpg
acne,acne-cystic-46.jpg
acne,acne-cystic-47.jpg
acne,acne-cystic-57.jpg
acne,acne-cystic-58.jpg
acne,acne-cystic-59.jpg
acne,acne-cystic-6.jpg
acne,acne-cystic-60.jpg
acne,acne-cystic-61.jpg
acne,acne-cystic-84.jpg
acne,acne-cystic-85.jpg
acne,acne-cystic-86.jpg
acne,acne-cystic-87.jpg
acne,acne-cystic-88.jpg
acne,acne-cystic-89.jpg
acne,acne-cystic-9.jpg
acne,acne-cystic-90.jpg
acne,acne-cystic-91.jpg
acne,acne-cystic-92.jpg
acne,acne-cystic-93.jpg
acne,acne-cystic-97.jpg
acne,acne-excoriated-10.jpg
acne,acne-excoriated-11.jpg
acne,acne-excoriated-12.jpg
acne,acne-excoriated-13.jpg
acne,acne-excoriated-14.jpg
acne,acne-excoriated-15.jpg
acne,acne-excoriated-18.jpg
acne,acne-excoriated-19.jpg
acne,acne-excoriated-22.jpg
acne,acne-excoriated-23.jpg
acne,acne-excoriated-24.jpg
acne,acne-excoriated-25.jpg
acne,acne-excoriated-26.jpg
acne,acne-excoriated-27.jpg
acne,acne-excoriated-28.jpg
acne,acne-excoriated-29.jpg
acne,acne-excoriated-3.jpg
acne,acne-excoriated-30.jpg
acne,acne-excoriated-4.jpg
acne,acne-excoriated-5.jpg
acne,acne-excoriated-6.jpg
acne,acne-excoriated-8.jpg
acne,acne-face_f_500x250.jpg
acne,acne-open-comedo-71.jpg
acne,acne-pustular-1.jpg
acne,acne-pustular-12.jpg
acne,acne-pustular-17.jpg
acne,acne-pustular-20.jpg
acne,acne-pustular-21.jpg
acne,acne-pustular-22.jpg
acne,acne-pustular-23.jpg
acne,acne-pustular-24.jpg
acne,acne-pustular-25.jpg
acne,acne-pustular-26.jpg
acne,acne-pustular-27.jpg
acne,acne-pustular-28.jpg
acne,acne-pustular-29.jpg
acne,acne-pustular-30.jpg
acne,acne-pustular-31.jpg
acne,acne-pustular-32.jpg
acne,acne-pustular-33.jpg
acne,acne-pustular-34.jpg
acne,acne-pustular-35.jpg
acne,acne-pustular-36.jpg
acne,acne-pustular-37.jpg
acne,acne-pustular-38.jpg
acne,acne-pustular-40.jpg
acne,acne-pustular-41.jpg
acne,acne-pustular-42.jpg
acne,acne-pustular-43.jpg
acne,acne-pustular-44.jpg
acne,acne-pustular-45.jpg
acne,acne-pustular-46.jpg
acne,acne-pustular-47.jpg
acne,acne-pustular-48.jpg
acne,acne-pustular-49.jpg
acne,acne-pustular-50.jpg
acne,acne-pustular-51.jpg
acne,acne-pustular-52.jpg
acne,acne-pustular-53.jpg
acne,acne-pustular-54.jpg
acne,acne-pustular-55.jpg
acne,acne-pustular-56.jpg
acne,acne-pustular-57.jpg
acne,acne-pustular-58.jpg
acne,acne-pustular-59.jpg
acne,acne-pustular-60.jpg
acne,acne-pustular-62.jpg
acne,acne-pustular-63.jpg
acne,acne-pustular-64.jpg
acne,acne-pustular-66.jpg
acne,acne-pustular-67.jpg
acne,acne-pustular-68.jpg
acne,acne-pustular-69.jpg
acne,acne-pustular-70.jpg
acne,acne-pustular-71.jpg
acne,acne-pustular-72.jpg
acne,acne-pustular-73.jpg
acne,acne-pustular-74.jpg
acne,acne-pustulesandpapules-1593x2048.jpg
acne,acne-rosacea-1024x967.jpg
acne,acne-scar-1.jpg
acne,acne-scarring-300x300.jpg
acne,acne-treatment-02.jpg
acne,acne-visual-dictionary-s11-severe-nodulocystic-acne.jpg
acne,acne-vulgaris-pictures-61.jpg
acne,acne.jpg
acne,acne02bf-21 - Copy.jpg
acne,acne1.jpeg
acne,acne11.jpg
acne,acne2.jpeg
acne,acne3.jpg
acne,acne31.jpg
acne,acne34.jpg
acne,acne4.jpg
acne,acne42.jpg
acne,acne5.jpg
acne,acne56.jpg
acne,acne74.jpg
acne,acne76.jpeg
acne,acne81.jpg
acne,acne90.jpg
acne,acne91.jpg
acne,acne97.jpg
acne,acne98.jpg
acne,acne_0001_10731602084e470e78b7dfe-21 - Copy.jpg
acne,acne_treatment1 - Copy.png
acne,acne_treatment_kaliterna.jpg
acne,acne_treatment_kaliterna1 - Copy.jpg
acne,acne_treatment_kaliterna11 - Copy.jpg
acne,acne_vulgaris.png
acne,bef3f1ce4c62b5e83dd56d4e1a6c9f16.jpg
acne,Before.jpg
acne,C0024056-Acne_vulgaris.jpg
acne,C0384483-Acne_vulgaris.jpg
acne,C0384485-Acne_vulgaris.jpg
acne,C0384489-Nodular_acne.jpg
acne,C0384535-Acne_rosacea.jpg
acne,EWzV7k5Gy.5yjsFf8.Y5kQ_m (1).jpg
acne,gallery_483742_14314_59312.jpeg
acne,GettyImages-552992761_header-1024x575.png
acne,GettyImages-552992761_thumb (1).jpg
acne,GettyImages-902372188_thumb.jpg
acne,How-I-Cleared-My-Acne2.png
acne,how-to-get-rid-of-acne-and-its-possible-treatments.jpg
acne,how-to-get-rid-of-acne.png
acne,hqdefault.jpg
acne,image.jpeg.d4b6a9bf6a9567226cbe430ae3606714.jpeg
acne,image.jpg
acne,IMG_0043.JPG.70f9dc7d17dcdf8dbb055d4013e94831.jpg
acne,IMG_0184.JPG.c1ffb583260784ec51dfe566c636bd62.jpg
acne,IMG_0223.jpg
acne,IMG_20190708_023210.jpg.7232dbb2bd7459bc1f8ae066423aa7a4 (1).jpg
acne,IMG_2145-1.jpg
acne,IMG_3366.JPG.799f3d13a535a94016ba39c390b09efa.jpg
acne,IMG_3554.JPG.f4bf444684be38571736983531eaafdf.jpg
acne,IMG_8544.thumb.JPG.faf77397f165101fbe28d89642ac2fe3.jpg
acne,istockphoto-849986310-170667a.jpg
acne,jko16nvn14061.png
acne,k92m6peqn1n31 (1).jpg
acne,large.IMG_3890.jpg.2720bb071697b81024bb71135ded7e76.jpg
acne,large.IMG_8887.JPG.be05af23e48fb382e5811e2f915ddf90.jpg
acne,looking-at-acne-skin-800x534.jpg
acne,M1080238-Acne_vulgaris_on_the_forehead_of_a_young_patient.jpg
acne,M1080367-Acne_vulgaris_on_cheek_of_14_year-old_boy.jpg
acne,maxresdefault (1).jpg
acne,maxresdefault (2).jpg
acne,maxresdefault (3).jpg
acne,maxresdefault (4).jpg
acne,maxresdefault.jpg
acne,MDRUMF_Authentically_Spotty-1-1068x1431.jpg
acne,mkb737oqpro51.jpg
acne,msb853j3wiv51.jpg
acne,o-ADULT-ACNE-facebook.jpg
acne,OIP (1).jpg
acne,OIP (10).jpg
acne,OIP (11).jpg
acne,OIP (12).jpg
acne,OIP (13).jpg
acne,OIP (14).jpg
acne,OIP (15).jpg
acne,OIP (16).jpg
acne,OIP (19).jpg
acne,OIP (21).jpg
acne,OIP (22).jpg
acne,OIP (23).jpg
acne,OIP (24).jpg
acne,OIP (25).jpg
acne,OIP (26).jpg
acne,OIP (28).jpg
acne,OIP (29).jpg
acne,OIP (30).jpg
acne,OIP (31).jpg
acne,OIP (32).jpg
acne,OIP (4).jpg
acne,OIP (5).jpg
acne,OIP (6).jpg
acne,OIP (7).jpg
acne,OIP (9).jpg
acne,OIP.jpg
acne,pc438phx95i41 (1).jpg
acne,photo-3a80154a459320082da96f807fd7a358fb60c81c.jpg
acne,pigmentation_0_0.jpeg
acne,pigmentation_0_101.jpeg
acne,pigmentation_0_1170.jpeg
acne,pigmentation_0_1237.jpeg
acne,pigmentation_0_125.jpeg
acne,pigmentation_0_1288.jpeg
acne,pigmentation_0_1291.jpeg
acne,pigmentation_0_1337.jpeg
acne,pigmentation_0_1342.jpeg
acne,pigmentation_0_1346.jpeg
acne,pigmentation_0_1385.jpeg
acne,pigmentation_0_1450.jpeg
acne,pigmentation_0_1454.jpeg
acne,pigmentation_0_1575.jpeg
acne,pigmentation_0_1590.jpeg
acne,pigmentation_0_1596.jpeg
acne,pigmentation_0_1675.jpeg
acne,pigmentation_0_1728.jpeg
acne,pigmentation_0_178.jpeg
acne,pigmentation_0_1838.jpeg
acne,pigmentation_0_1893.jpeg
acne,pigmentation_0_1929.jpeg
acne,pigmentation_0_1962.jpeg
acne,pigmentation_0_1997.jpeg
acne,pigmentation_0_2.jpeg
acne,pigmentation_0_2009.jpeg
acne,pigmentation_0_2051.jpeg
acne,pigmentation_0_209.jpeg
acne,pigmentation_0_211.jpeg
acne,pigmentation_0_2196.jpeg
acne,pigmentation_0_2199.jpeg
acne,pigmentation_0_2209.jpeg
acne,pigmentation_0_2256.jpeg
acne,pigmentation_0_2298.jpeg
acne,pigmentation_0_2300.jpeg
acne,pigmentation_0_2315.jpeg
acne,pigmentation_0_2321.jpeg
acne,pigmentation_0_2338.jpeg
acne,pigmentation_0_2408.jpeg
acne,pigmentation_0_2427.jpeg
acne,pigmentation_0_2439.jpeg
acne,pigmentation_0_2441.jpeg
acne,pigmentation_0_248.jpeg
acne,pigmentation_0_2543.jpeg
acne,pigmentation_0_2567.jpeg
acne,pigmentation_0_2599.jpeg
acne,pigmentation_0_2696.jpeg
acne,pigmentation_0_2790.jpeg
acne,pigmentation_0_2807.jpeg
acne,pigmentation_0_287.jpeg
acne,pigmentation_0_2892.jpeg
acne,pigmentation_0_2907.jpeg
acne,pigmentation_0_291.jpeg
acne,pigmentation_0_3045.jpeg
acne,pigmentation_0_3062.jpeg
acne,pigmentation_0_3064.jpeg
acne,pigmentation_0_3069.jpeg
acne,pigmentation_0_3081.jpeg
acne,pigmentation_0_3092.jpeg
acne,pigmentation_0_3184.jpeg
acne,pigmentation_0_3190.jpeg
acne,pigmentation_0_3271.jpeg
acne,pigmentation_0_3273.jpeg
acne,pigmentation_0_3407.jpeg
acne,pigmentation_0_3431.jpeg
acne,pigmentation_0_3597.jpeg
acne,pigmentation_0_3668.jpeg
acne,pigmentation_0_3669.jpeg
acne,pigmentation_0_3779.jpeg
acne,pigmentation_0_3819.jpeg
acne,pigmentation_0_3836.jpeg
acne,pigmentation_0_3867.jpeg
acne,pigmentation_0_4389.jpeg
acne,pigmentation_0_4398.jpeg
acne,pigmentation_0_4461.jpeg
acne,pigmentation_0_4615.jpeg
acne,pigmentation_0_4873.jpeg
acne,pigmentation_0_4882.jpeg
acne,pigmentation_0_4919.jpeg
acne,pigmentation_0_4921.jpeg
acne,pigmentation_0_4924.jpeg
acne,pigmentation_0_4999.jpeg
acne,pigmentation_0_5002.jpeg
acne,pigmentation_0_5039.jpeg
acne,pigmentation_0_5057.jpeg
acne,pigmentation_0_5062.jpeg
acne,pigmentation_0_5145.jpeg
acne,pigmentation_0_5148.jpeg
acne,pigmentation_0_5270.jpeg
acne,pigmentation_0_5275.jpeg
acne,pigmentation_0_5313.jpeg
acne,pigmentation_0_5343.jpeg
acne,pigmentation_0_5398.jpeg
acne,pigmentation_0_5418.jpeg
acne,pigmentation_0_5440.jpeg
acne,pigmentation_0_5443.jpeg
acne,pigmentation_0_5483.jpeg
acne,pigmentation_0_5488.jpeg
acne,pigmentation_0_5496.jpeg
acne,pigmentation_0_5511.jpeg
acne,pigmentation_0_5512.jpeg
acne,pigmentation_0_5521.jpeg
acne,pigmentation_0_5525.jpeg
acne,pigmentation_0_5540.jpeg
acne,pigmentation_0_5544.jpeg
acne,pigmentation_0_5557.jpeg
acne,pigmentation_0_5569.jpeg
acne,pigmentation_0_5577.jpeg
acne,pigmentation_0_5593.jpeg
acne,pigmentation_0_5601.jpeg
acne,pigmentation_0_5626.jpeg
acne,pigmentation_0_5677.jpeg
acne,pigmentation_0_5745.jpeg
acne,pigmentation_0_5747.jpeg
acne,pigmentation_0_5801.jpeg
acne,pigmentation_0_5805.jpeg
acne,pigmentation_0_5814.jpeg
acne,pigmentation_0_5849.jpeg
acne,pigmentation_0_5867.jpeg
acne,pigmentation_0_5951.jpeg
acne,pigmentation_0_5957.jpeg
acne,pigmentation_0_5976.jpeg
acne,pigmentation_0_5996.jpeg
acne,pigmentation_0_5997.jpeg
acne,pigmentation_0_600.jpeg
acne,pigmentation_0_6078.jpeg
acne,pigmentation_0_6127.jpeg
acne,pigmentation_0_6170.jpeg
acne,pigmentation_0_6175.jpeg
acne,pigmentation_0_6324.jpeg
acne,pigmentation_0_6569.jpeg
acne,pigmentation_0_6570.jpeg
acne,pigmentation_0_6641.jpeg
acne,pigmentation_0_6648.jpeg
acne,pigmentation_0_6650.jpeg
acne,pigmentation_0_6672.jpeg
acne,pigmentation_0_6791.jpeg
acne,pigmentation_0_6830.jpeg
acne,pigmentation_0_6844.jpeg
acne,pigmentation_0_6887.jpeg
acne,pigmentation_0_7018.jpeg
acne,pigmentation_0_7042.jpeg
acne,pigmentation_0_7072.jpeg
acne,pigmentation_0_7093.jpeg
acne,pigmentation_0_7136.jpeg
acne,pigmentation_0_7140.jpeg
acne,pigmentation_0_7169.jpeg
acne,pigmentation_0_7174.jpeg
acne,pigmentation_0_7206.jpeg
acne,pigmentation_0_7232.jpeg
acne,pigmentation_0_7263.jpeg
acne,pigmentation_0_7264.jpeg
acne,pigmentation_0_7279.jpeg
acne,pigmentation_0_7281.jpeg
acne,pigmentation_0_7292.jpeg
acne,pigmentation_0_7302.jpeg
acne,pigmentation_0_7428.jpeg
acne,pigmentation_0_7447.jpeg
acne,pigmentation_0_7468.jpeg
acne,pigmentation_0_7550.jpeg
acne,pigmentation_0_7557.jpeg
acne,pigmentation_0_7591.jpeg
acne,pigmentation_0_7599.jpeg
acne,pigmentation_0_7607.jpeg
acne,pigmentation_0_7613.jpeg
acne,pigmentation_0_7652.jpeg
acne,pigmentation_0_7655.jpeg
acne,pigmentation_0_7728.jpeg
acne,pigmentation_0_7745.jpeg
acne,pigmentation_0_7754.jpeg
acne,pigmentation_0_7759.jpeg
acne,pigmentation_0_7786.jpeg
acne,pigmentation_0_7799.jpeg
acne,pigmentation_0_8014.jpeg
acne,pigmentation_0_8041.jpeg
acne,pigmentation_0_8044.jpeg
acne,pigmentation_0_8048.jpeg
acne,pigmentation_0_8050.jpeg
acne,pigmentation_0_8108.jpeg
acne,pigmentation_0_8122.jpeg
acne,pigmentation_0_8262.jpeg
acne,pigmentation_0_8265.jpeg
acne,pigmentation_0_8496.jpeg
acne,pigmentation_0_8508.jpeg
acne,pigmentation_0_8643.jpeg
acne,pigmentation_0_8649.jpeg
acne,pigmentation_0_8654.jpeg
acne,pigmentation_0_8668.jpeg
acne,pigmentation_0_8823.jpeg
acne,pigmentation_0_9077.jpeg
acne,pigmentation_0_9154.jpeg
acne,pigmentation_0_9172.jpeg
acne,pigmentation_0_9186.jpeg
acne,pigmentation_0_921.jpeg
acne,pigmentation_0_9229.jpeg
acne,pigmentation_0_9275.jpeg
acne,pigmentation_0_9281.jpeg
acne,pigmentation_0_9285.jpeg
acne,pigmentation_0_9715.jpeg
acne,pigmentation_0_9804.jpeg
acne,pigmentation_0_9841.jpeg
acne,pigmentation_0_9855.jpeg
acne,pigmentation_0_9953.jpeg
acne,pvhhnuftvjp31.png
acne,qzkv547th3351.jpg
acne,R (1).jpg
acne,R (1).png
acne,R (10).jpg
acne,R (11).jpg
acne,R (12).jpg
acne,R (13).jpg
acne,R (14).jpg
acne,R (15).jpg
acne,R (16).jpg
acne,R (18).jpg
acne,R (19).jpg
acne,R (2).jpg
acne,R (2).png
acne,R (20).jpg
acne,R (21).jpg
acne,R (22).jpg
acne,R (24).jpg
acne,R (25).jpg
acne,R (26).jpg
acne,R (27).jpg
acne,R (28).jpg
acne,R (29).jpg
acne,R (3).jpg
acne,R (3).png
acne,R (30).jpg
acne,R (31).jpg
acne,R (32).jpg
acne,R (33).jpg
acne,R (34).jpg
acne,R (35).jpg
acne,R (36).jpg
acne,R (37).jpg
acne,R (38).jpg
acne,R (39).jpg
acne,R (4).jpg
acne,R (40).jpg
acne,R (41).jpg
acne,R (43).jpg
acne,R (44).jpg
acne,R (45).jpg
acne,R (5).jpg
acne,R (6).jpg
acne,R (7).jpg
acne,R (8).jpg
acne,R (9).jpg
acne,R.jpg
acne,R.png
acne,resize (1).jpg
acne,resize.jpg
acne,rhinophyma-4.jpg
acne,Thirteen ways to remove acne scars quickly in one day.jpg
acne,tr0muse3x9yz.png
acne,tumblr_npa77rk2UW1r8l3gko1_400 (1).png
acne,tumblr_ov7rm75Zwo1wuhvt8o1_640.jpg
acne,u06kz58buhi11.png
acne,uaxnc5tsay351.jpg
acne,unnamed (1).jpg
acne,uq3mypax59u51.png
acne,What-Is-Adult-Acne.jpg
acne,What-is-Cystic-Acne-and-Why-is-It-Caused (1).jpg
