image_path,skin_disorder_name
acral lentiginous melanoma images473.jpg,melanoma
acral lentiginous melanoma images474.jpg,melanoma
acral lentiginous melanoma images475.jpg,melanoma
acral lentiginous melanoma images476.png,melanoma
acral lentiginous melanoma images477.jpg,melanoma
acral lentiginous melanoma images478.jpg,melanoma
acral lentiginous melanoma images479.jpg,melanoma
acral lentiginous melanoma images480.jpg,melanoma
acral lentiginous melanoma images481.jpg,melanoma
acral lentiginous melanoma images482.png,melanoma
acral lentiginous melanoma images483.jpg,melanoma
acral lentiginous melanoma images484.jpg,melanoma
acral lentiginous melanoma images485.jpg,melanoma
acral lentiginous melanoma images486.jpg,melanoma
acral lentiginous melanoma images487.jpg,melanoma
acral lentiginous melanoma images488.jpg,melanoma
acral lentiginous melanoma images489.jpg,melanoma
acral lentiginous melanoma images490.jpg,melanoma
acral lentiginous melanoma images491.jpg,melanoma
acral lentiginous melanoma images492.jpg,melanoma
acral lentiginous melanoma images493.jpg,melanoma
acral lentiginous melanoma images494.jpg,melanoma
acral lentiginous melanoma images495.jpg,melanoma
acral lentiginous melanoma images496.jpg,melanoma
acral lentiginous melanoma images497.jpg,melanoma
acral lentiginous melanoma images498.jpg,melanoma
acral lentiginous melanoma images499.jpg,melanoma
acral lentiginous melanoma images500.jpg,melanoma
acral lentiginous melanoma images501.jpg,melanoma
acral lentiginous melanoma images502.jpg,melanoma
acral lentiginous melanoma images503.jpg,melanoma
amelanotic melanoma images793.jpg,melanoma
amelanotic melanoma images794.jpg,melanoma
amelanotic melanoma images795.jpg,melanoma
amelanotic melanoma images796.jpg,melanoma
amelanotic melanoma images797.jpg,melanoma
amelanotic melanoma images798.jpg,melanoma
amelanotic melanoma images799.jpg,melanoma
amelanotic melanoma images800.jpg,melanoma
amelanotic melanoma images801.png,melanoma
amelanotic melanoma images802.jpg,melanoma
amelanotic melanoma images803.jpg,melanoma
amelanotic melanoma images804.png,melanoma
amelanotic melanoma images805.jpg,melanoma
amelanotic melanoma images806.jpg,melanoma
amelanotic melanoma images807.jpg,melanoma
amelanotic melanoma images808.jpg,melanoma
amelanotic melanoma images809.jpg,melanoma
amelanotic melanoma images810.png,melanoma
amelanotic melanoma images811.jpg,melanoma
amelanotic melanoma images812.jpg,melanoma
amelanotic melanoma images813.jpg,melanoma
amelanotic melanoma images814.jpg,melanoma
amelanotic melanoma images815.jpg,melanoma
amelanotic melanoma images816.png,melanoma
amelanotic melanoma images817.png,melanoma
amelanotic melanoma images818.png,melanoma
amelanotic melanoma images819.jpg,melanoma
amelanotic melanoma images820.jpg,melanoma
amelanotic melanoma images821.jpg,melanoma
amelanotic melanoma images822.png,melanoma
amelanotic melanoma images823.png,melanoma
amelanotic melanoma images824.png,melanoma
amelanotic melanoma images825.png,melanoma
amelanotic melanoma images826.png,melanoma
amelanotic melanoma images827.jpg,melanoma
amelanotic melanoma images828.jpg,melanoma
amelanotic melanoma images829.jpg,melanoma
amelanotic melanoma images830.jpg,melanoma
amelanotic melanoma images831.jpg,melanoma
amelanotic melanoma images832.jpg,melanoma
amelanotic melanoma images833.jpg,melanoma
amelanotic melanoma images834.jpg,melanoma
amelanotic melanoma images835.jpg,melanoma
amelanotic melanoma images836.jpg,melanoma
amelanotic melanoma images837.jpg,melanoma
amelanotic melanoma images838.jpg,melanoma
amelanotic melanoma images839.jpg,melanoma
amelanotic melanoma images840.jpg,melanoma
amelanotic melanoma images841.jpg,melanoma
amelanotic melanoma images842.jpg,melanoma
amelanotic melanoma images843.jpg,melanoma
amelanotic melanoma images844.jpg,melanoma
amelanotic melanoma images845.jpg,melanoma
amelanotic melanoma images846.jpg,melanoma
amelanotic melanoma images847.jpg,melanoma
amelanotic melanoma images848.jpg,melanoma
amelanotic melanoma images849.jpg,melanoma
amelanotic melanoma images850.png,melanoma
amelanotic melanoma images851.jpg,melanoma
amelanotic melanoma images852.jpg,melanoma
amelanotic melanoma images853.jpg,melanoma
amelanotic melanoma images854.jpg,melanoma
amelanotic melanoma images855.jpg,melanoma
amelanotic melanoma images856.jpg,melanoma
amelanotic melanoma images857.jpg,melanoma
amelanotic melanoma images858.jpg,melanoma
amelanotic melanoma images859.jpg,melanoma
amelanotic melanoma images860.jpg,melanoma
amelanotic melanoma images861.jpg,melanoma
hypomelanotic malignant melanoma images6320.jpg,melanoma
hypomelanotic malignant melanoma images6321.jpg,melanoma
hypomelanotic malignant melanoma images6322.jpg,melanoma
hypomelanotic malignant melanoma images6323.jpg,melanoma
hypomelanotic malignant melanoma images6324.jpg,melanoma
hypomelanotic malignant melanoma images6325.jpg,melanoma
hypomelanotic malignant melanoma images6326.jpg,melanoma
hypomelanotic malignant melanoma images6327.jpg,melanoma
hypomelanotic malignant melanoma images6328.png,melanoma
hypomelanotic malignant melanoma images6329.jpg,melanoma
hypomelanotic malignant melanoma images6330.jpg,melanoma
hypomelanotic malignant melanoma images6331.png,melanoma
hypomelanotic malignant melanoma images6332.jpg,melanoma
hypomelanotic malignant melanoma images6333.jpg,melanoma
hypomelanotic malignant melanoma images6334.jpg,melanoma
hypomelanotic malignant melanoma images6335.jpg,melanoma
hypomelanotic malignant melanoma images6336.jpg,melanoma
hypomelanotic malignant melanoma images6337.png,melanoma
hypomelanotic malignant melanoma images6338.jpg,melanoma
hypomelanotic malignant melanoma images6339.jpg,melanoma
hypomelanotic malignant melanoma images6340.jpg,melanoma
hypomelanotic malignant melanoma images6341.jpg,melanoma
hypomelanotic malignant melanoma images6342.jpg,melanoma
hypomelanotic malignant melanoma images6343.png,melanoma
hypomelanotic malignant melanoma images6344.png,melanoma
hypomelanotic malignant melanoma images6345.png,melanoma
hypomelanotic malignant melanoma images6346.jpg,melanoma
hypomelanotic malignant melanoma images6347.jpg,melanoma
hypomelanotic malignant melanoma images6348.jpg,melanoma
hypomelanotic malignant melanoma images6349.png,melanoma
hypomelanotic malignant melanoma images6350.png,melanoma
hypomelanotic malignant melanoma images6351.png,melanoma
hypomelanotic malignant melanoma images6352.png,melanoma
hypomelanotic malignant melanoma images6353.png,melanoma
hypomelanotic malignant melanoma images6354.jpg,melanoma
hypomelanotic malignant melanoma images6355.jpg,melanoma
hypomelanotic malignant melanoma images6356.jpg,melanoma
hypomelanotic malignant melanoma images6357.jpg,melanoma
hypomelanotic malignant melanoma images6358.jpg,melanoma
hypomelanotic malignant melanoma images6359.jpg,melanoma
hypomelanotic malignant melanoma images6360.jpg,melanoma
hypomelanotic malignant melanoma images6361.jpg,melanoma
hypomelanotic malignant melanoma images6362.jpg,melanoma
hypomelanotic malignant melanoma images6363.jpg,melanoma
hypomelanotic malignant melanoma images6364.jpg,melanoma
hypomelanotic malignant melanoma images6365.jpg,melanoma
hypomelanotic malignant melanoma images6366.jpg,melanoma
hypomelanotic malignant melanoma images6367.jpg,melanoma
hypomelanotic malignant melanoma images6368.jpg,melanoma
hypomelanotic malignant melanoma images6369.jpg,melanoma
hypomelanotic malignant melanoma images6370.jpg,melanoma
hypomelanotic malignant melanoma images6371.jpg,melanoma
hypomelanotic malignant melanoma images6372.jpg,melanoma
hypomelanotic malignant melanoma images6373.jpg,melanoma
hypomelanotic malignant melanoma images6374.jpg,melanoma
hypomelanotic malignant melanoma images6375.jpg,melanoma
hypomelanotic malignant melanoma images6376.jpg,melanoma
hypomelanotic malignant melanoma images6377.png,melanoma
hypomelanotic malignant melanoma images6378.jpg,melanoma
hypomelanotic malignant melanoma images6379.jpg,melanoma
hypomelanotic malignant melanoma images6380.jpg,melanoma
hypomelanotic malignant melanoma images6381.jpg,melanoma
hypomelanotic malignant melanoma images6382.jpg,melanoma
hypomelanotic malignant melanoma images6383.jpg,melanoma
hypomelanotic malignant melanoma images6384.jpg,melanoma
hypomelanotic malignant melanoma images6385.jpg,melanoma
hypomelanotic malignant melanoma images6386.jpg,melanoma
hypomelanotic malignant melanoma images6387.jpg,melanoma
hypomelanotic malignant melanoma images6388.jpg,melanoma
lentigo maligna melanoma images7256.jpg,melanoma
lentigo maligna melanoma images7257.jpg,melanoma
lentigo maligna melanoma images7258.jpg,melanoma
lentigo maligna melanoma images7259.jpg,melanoma
lentigo maligna melanoma images7260.jpg,melanoma
lentigo maligna melanoma images7261.png,melanoma
lentigo maligna melanoma images7262.jpg,melanoma
lentigo maligna melanoma images7263.jpg,melanoma
lentigo maligna melanoma images7264.jpg,melanoma
lentigo maligna melanoma images7265.jpg,melanoma
lentigo maligna melanoma images7266.jpg,melanoma
lentigo maligna melanoma images7267.jpg,melanoma
lentigo maligna melanoma images7268.jpg,melanoma
lentigo maligna melanoma images7269.png,melanoma
lentigo maligna melanoma images7270.jpg,melanoma
lentigo maligna melanoma images7271.jpg,melanoma
lentigo maligna melanoma images7272.jpg,melanoma
lentigo maligna melanoma images7273.jpg,melanoma
lentigo maligna melanoma images7274.jpg,melanoma
lentigo maligna melanoma images7275.jpg,melanoma
lentigo maligna melanoma images7276.jpg,melanoma
lentigo maligna melanoma images7277.jpg,melanoma
lentigo maligna melanoma images7278.jpg,melanoma
lentigo maligna melanoma images7279.jpg,melanoma
lentigo maligna melanoma images7280.jpg,melanoma
lentigo maligna melanoma images7281.jpg,melanoma
lentigo maligna melanoma images7282.jpg,melanoma
lentigo maligna melanoma images7283.jpg,melanoma
lentigo maligna melanoma images7284.jpg,melanoma
lentigo maligna melanoma images7285.jpg,melanoma
lentigo maligna melanoma images7286.jpg,melanoma
lentigo maligna melanoma images7287.jpg,melanoma
lentigo maligna melanoma images7288.jpg,melanoma
lentigo maligna melanoma images7289.jpg,melanoma
lentigo maligna melanoma images7290.jpg,melanoma
lentigo maligna melanoma images7291.jpg,melanoma
lentigo maligna melanoma images7292.jpg,melanoma
lentigo maligna melanoma images7293.jpg,melanoma
lentigo maligna melanoma images7294.jpg,melanoma
lentigo maligna melanoma images7295.jpg,melanoma
lentigo maligna melanoma images7296.jpg,melanoma
lentigo maligna melanoma images7297.jpg,melanoma
lentigo maligna melanoma images7298.jpg,melanoma
lentigo maligna melanoma images7299.jpg,melanoma
lentigo maligna melanoma images7300.png,melanoma
lentigo maligna melanoma images7301.jpg,melanoma
lentigo maligna melanoma images7302.jpg,melanoma
lentigo maligna melanoma images7303.png,melanoma
lentigo maligna melanoma images7304.jpg,melanoma
lentigo maligna melanoma images7305.jpg,melanoma
lentigo maligna melanoma images7306.jpg,melanoma
lentigo maligna melanoma images7307.jpg,melanoma
lentigo maligna melanoma images7308.jpg,melanoma
lentigo maligna melanoma images7309.jpg,melanoma
lentigo maligna melanoma images7310.jpg,melanoma
lentigo maligna melanoma images7311.jpg,melanoma
lentigo maligna melanoma images7312.jpg,melanoma
lentigo maligna melanoma images7313.jpg,melanoma
lentigo maligna melanoma images7314.jpg,melanoma
lentigo maligna melanoma images7315.jpg,melanoma
lentigo maligna melanoma images7316.jpg,melanoma
lentigo maligna melanoma images7317.jpg,melanoma
melanoma in situ images8236.jpg,melanoma
melanoma in situ images8237.jpg,melanoma
melanoma in situ images8238.jpg,melanoma
melanoma in situ images8239.jpg,melanoma
melanoma in situ images8240.jpg,melanoma
melanoma in situ images8241.jpg,melanoma
melanoma in situ images8242.jpg,melanoma
melanoma in situ images8243.jpg,melanoma
melanoma in situ images8244.jpg,melanoma
melanoma in situ images8245.jpg,melanoma
melanoma in situ images8246.jpg,melanoma
melanoma in situ images8247.jpg,melanoma
melanoma in situ images8248.jpg,melanoma
melanoma in situ images8249.jpg,melanoma
melanoma in situ images8250.jpg,melanoma
melanoma in situ images8251.jpg,melanoma
melanoma in situ images8252.jpg,melanoma
melanoma in situ images8253.jpg,melanoma
melanoma in situ images8254.jpg,melanoma
melanoma in situ images8255.jpg,melanoma
melanoma in situ images8256.jpg,melanoma
melanoma in situ images8257.jpg,melanoma
melanoma in situ images8258.jpg,melanoma
melanoma in situ images8259.jpg,melanoma
melanoma in situ images8260.jpg,melanoma
melanoma in situ images8261.jpg,melanoma
melanoma in situ images8262.jpg,melanoma
melanoma in situ images8263.jpg,melanoma
melanoma in situ images8264.jpg,melanoma
melanoma in situ images8265.jpg,melanoma
melanoma in situ images8266.jpeg,melanoma
melanoma in situ images8267.jpg,melanoma
melanoma in situ images8268.jpg,melanoma
melanoma in situ images8269.jpg,melanoma
melanoma in situ images8270.jpg,melanoma
melanoma in situ images8271.jpg,melanoma
melanoma in situ images8272.jpg,melanoma
melanoma in situ images8273.jpg,melanoma
melanoma in situ images8274.jpg,melanoma
melanoma in situ images8275.jpg,melanoma
melanoma in situ images8276.jpg,melanoma
melanoma in situ images8277.jpg,melanoma
melanoma in situ images8278.jpg,melanoma
melanoma in situ images8279.jpg,melanoma
melanoma in situ images8280.jpg,melanoma
melanoma in situ images8281.jpg,melanoma
melanoma in situ images8282.jpg,melanoma
melanoma in situ images8283.jpg,melanoma
melanoma in situ images8284.jpg,melanoma
melanoma in situ images8285.jpg,melanoma
melanoma in situ images8286.jpg,melanoma
melanoma in situ images8287.jpg,melanoma
melanoma in situ images8288.jpg,melanoma
melanoma in situ images8289.jpg,melanoma
melanoma in situ images8290.jpg,melanoma
melanoma in situ images8291.jpg,melanoma
melanoma in situ images8292.jpg,melanoma
melanoma in situ images8293.jpg,melanoma
melanoma in situ images8294.jpg,melanoma
melanoma in situ images8295.jpg,melanoma
melanoma in situ images8296.jpg,melanoma
melanoma in situ images8297.jpg,melanoma
melanoma in situ images8298.jpg,melanoma
melanoma in situ images8299.jpg,melanoma
melanoma in situ images8300.jpg,melanoma
melanoma in situ images8301.jpg,melanoma
melanoma in situ images8302.jpg,melanoma
melanoma in situ images8303.png,melanoma
melanoma in situ images8304.jpg,melanoma
melanoma in situ images8305.jpg,melanoma
melanoma in situ images8306.jpg,melanoma
melanoma in situ images8307.jpg,melanoma
melanoma in situ images8308.jpg,melanoma
melanoma in situ images8309.jpg,melanoma
melanoma in situ images8310.jpg,melanoma
melanoma in situ images8311.jpg,melanoma
melanoma in situ images8312.jpg,melanoma
melanoma in situ images8313.jpg,melanoma
melanoma in situ images8314.jpg,melanoma
melanoma in situ images8315.jpg,melanoma
melanoma in situ images8316.jpg,melanoma
melanoma in situ images8317.jpg,melanoma
melanoma in situ images8318.jpg,melanoma
melanoma of nail unit images8319.jpg,melanoma
melanoma of nail unit images8320.jpg,melanoma
melanoma of nail unit images8321.jpg,melanoma
melanoma of nail unit images8322.jpg,melanoma
melanoma of nail unit images8323.jpg,melanoma
melanoma of nail unit images8324.jpg,melanoma
melanoma of nail unit images8325.jpg,melanoma
melanoma of nail unit images8326.jpg,melanoma
melanoma of nail unit images8327.jpg,melanoma
melanoma of nail unit images8328.jpg,melanoma
melanoma of nail unit images8329.jpg,melanoma
melanoma of nail unit images8330.jpg,melanoma
metastatic melanoma images8371.jpg,melanoma
metastatic melanoma images8372.jpg,melanoma
metastatic melanoma images8373.png,melanoma
metastatic melanoma images8374.png,melanoma
metastatic melanoma images8375.png,melanoma
metastatic melanoma images8376.png,melanoma
metastatic melanoma images8377.png,melanoma
metastatic melanoma images8378.png,melanoma
metastatic melanoma images8379.png,melanoma
metastatic melanoma images8380.png,melanoma
metastatic melanoma images8381.jpg,melanoma
metastatic melanoma images8382.jpg,melanoma
metastatic melanoma images8383.png,melanoma
metastatic melanoma images8384.png,melanoma
metastatic melanoma images8385.png,melanoma
metastatic melanoma images8386.png,melanoma
metastatic melanoma images8387.png,melanoma
metastatic melanoma images8388.png,melanoma
metastatic melanoma images8389.png,melanoma
metastatic melanoma images8390.png,melanoma
metastatic melanoma images8391.png,melanoma
metastatic melanoma images8392.jpg,melanoma
metastatic melanoma images8393.png,melanoma
metastatic melanoma images8394.png,melanoma
metastatic melanoma images8395.png,melanoma
metastatic melanoma images8396.jpg,melanoma
metastatic melanoma images8397.png,melanoma
metastatic melanoma images8398.jpg,melanoma
metastatic melanoma images8399.jpg,melanoma
metastatic melanoma images8400.jpg,melanoma
metastatic melanoma images8401.jpg,melanoma
nodular melanoma images8820.jpg,melanoma
nodular melanoma images8821.jpg,melanoma
nodular melanoma images8822.jpg,melanoma
nodular melanoma images8823.jpg,melanoma
nodular melanoma images8824.jpg,melanoma
nodular melanoma images8825.jpg,melanoma
nodular melanoma images8826.jpg,melanoma
nodular melanoma images8827.jpg,melanoma
nodular melanoma images8828.jpg,melanoma
nodular melanoma images8829.jpg,melanoma
nodular melanoma images8830.jpg,melanoma
nodular melanoma images8831.png,melanoma
nodular melanoma images8832.jpg,melanoma
nodular melanoma images8833.jpg,melanoma
nodular melanoma images8834.jpg,melanoma
nodular melanoma images8835.png,melanoma
nodular melanoma images8836.jpg,melanoma
nodular melanoma images8837.jpg,melanoma
nodular melanoma images8838.jpg,melanoma
nodular melanoma images8839.jpg,melanoma
nodular melanoma images8840.jpg,melanoma
nodular melanoma images8841.jpg,melanoma
nodular melanoma images8842.jpg,melanoma
nodular melanoma images8843.jpg,melanoma
nodular melanoma images8844.jpg,melanoma
nodular melanoma images8845.jpg,melanoma
nodular melanoma images8846.jpg,melanoma
nodular melanoma images8847.jpg,melanoma
nodular melanoma images8848.jpg,melanoma
nodular melanoma images8849.jpg,melanoma
nodular melanoma images8850.jpg,melanoma
nodular melanoma images8851.jpg,melanoma
nodular melanoma images8852.jpg,melanoma
nodular melanoma images8853.jpg,melanoma
nodular melanoma images8854.jpg,melanoma
nodular melanoma images8855.jpg,melanoma
nodular melanoma images8856.png,melanoma
nodular melanoma images8857.jpg,melanoma
nodular melanoma images8858.jpg,melanoma
superficial spreading melanoma images12649.jpg,melanoma
superficial spreading melanoma images12650.jpg,melanoma
superficial spreading melanoma images12651.jpg,melanoma
superficial spreading melanoma images12652.jpg,melanoma
superficial spreading melanoma images12653.jpg,melanoma
superficial spreading melanoma images12654.jpg,melanoma
superficial spreading melanoma images12655.jpg,melanoma
superficial spreading melanoma images12656.jpg,melanoma
superficial spreading melanoma images12657.jpg,melanoma
superficial spreading melanoma images12658.jpg,melanoma
superficial spreading melanoma images12659.jpg,melanoma
superficial spreading melanoma images12660.jpg,melanoma
superficial spreading melanoma images12661.jpg,melanoma
superficial spreading melanoma images12662.jpg,melanoma
superficial spreading melanoma images12663.jpg,melanoma
superficial spreading melanoma images12664.jpg,melanoma
superficial spreading melanoma images12665.jpg,melanoma
superficial spreading melanoma images12666.jpg,melanoma
superficial spreading melanoma images12667.jpg,melanoma
superficial spreading melanoma images12668.jpg,melanoma
superficial spreading melanoma images12669.jpg,melanoma
superficial spreading melanoma images12670.jpg,melanoma
superficial spreading melanoma images12671.jpg,melanoma
superficial spreading melanoma images12672.jpg,melanoma
superficial spreading melanoma images12673.jpg,melanoma
superficial spreading melanoma images12674.jpg,melanoma
superficial spreading melanoma images12675.jpg,melanoma
superficial spreading melanoma images12676.jpg,melanoma
superficial spreading melanoma images12677.jpg,melanoma
superficial spreading melanoma images12678.jpg,melanoma
superficial spreading melanoma images12679.jpg,melanoma
superficial spreading melanoma images12680.jpg,melanoma
superficial spreading melanoma images12681.jpg,melanoma
superficial spreading melanoma images12682.jpg,melanoma
superficial spreading melanoma images12683.jpg,melanoma
superficial spreading melanoma images12684.jpg,melanoma
superficial spreading melanoma images12685.jpg,melanoma
superficial spreading melanoma images12686.jpg,melanoma
superficial spreading melanoma images12687.jpg,melanoma
superficial spreading melanoma images12688.jpg,melanoma
superficial spreading melanoma images12689.jpg,melanoma
superficial spreading melanoma images12690.jpg,melanoma
superficial spreading melanoma images12691.jpg,melanoma
superficial spreading melanoma images12692.jpg,melanoma
superficial spreading melanoma images12693.jpg,melanoma
superficial spreading melanoma images12694.jpg,melanoma
superficial spreading melanoma images12695.jpg,melanoma
superficial spreading melanoma images12696.jpg,melanoma
superficial spreading melanoma images12697.jpg,melanoma
superficial spreading melanoma images12698.jpg,melanoma
superficial spreading melanoma images12699.jpg,melanoma
superficial spreading melanoma images12700.jpg,melanoma
superficial spreading melanoma images12701.jpg,melanoma
superficial spreading melanoma images12702.jpg,melanoma
superficial spreading melanoma images12703.jpg,melanoma
superficial spreading melanoma images12704.jpg,melanoma
superficial spreading melanoma images12705.jpg,melanoma
superficial spreading melanoma images12706.jpg,melanoma
superficial spreading melanoma images12707.jpg,melanoma
superficial spreading melanoma images12708.jpg,melanoma
superficial spreading melanoma images12709.jpg,melanoma
superficial spreading melanoma images12710.jpg,melanoma
superficial spreading melanoma images12711.jpg,melanoma
superficial spreading melanoma images12712.jpg,melanoma
superficial spreading melanoma images12713.jpg,melanoma
superficial spreading melanoma images12714.jpg,melanoma
superficial spreading melanoma images12715.jpg,melanoma
superficial spreading melanoma images12716.jpg,melanoma
superficial spreading melanoma images12717.jpg,melanoma
superficial spreading melanoma images12718.jpg,melanoma
superficial spreading melanoma images12719.jpg,melanoma
superficial spreading melanoma images12720.jpg,melanoma
superficial spreading melanoma images12721.jpg,melanoma
