skin_disorder_name,link
Acne affecting the back images,https://dermnetnz.org/topics/acne-affecting-the-back-images/?stage=Live
Acne affecting the face images,https://dermnetnz.org/topics/acne-face-images/?stage=Live
Acne and other follicular disorder images,https://dermnetnz.org/image-catalogue/acne-and-other-follicular-disorder-images/?stage=Live
Acquired dermal macular hyperpigmentation images,https://dermnetnz.org/topics/acquired-dermal-macular-hyperpigmentation-images/?stage=Live
Acral lentiginous melanoma images,https://dermnetnz.org/topics/acral-lentiginous-melanoma-images/?stage=Live
Actinic keratosis affecting the face images,https://dermnetnz.org/topics/actinic-keratosis-face-images/?stage=Live
Actinic keratosis affecting the hand images,https://dermnetnz.org/topics/actinic-keratosis-affecting-the-hand-images/?stage=Live
Actinic keratosis affecting the legs and feet images,https://dermnetnz.org/topics/actinic-keratosis-leg-and-foot-images/?stage=Live
Actinic keratosis affecting the scalp images,https://dermnetnz.org/topics/actinic-keratosis-scalp-images/?stage=Live
Actinic keratosis dermoscopy images,https://dermnetnz.org/topics/actinic-keratosis-dermoscopy-images/?stage=Live
Actinic keratosis on the nose images,https://dermnetnz.org/topics/actinic-keratosis-on-the-nose-images/?stage=Live
Actinic keratosis treated with imiquimod images,https://dermnetnz.org/topics/actinic-keratosis-imiquimod-images/?stage=Live
Adalimumab images,https://dermnetnz.org/topics/adalimumab-images/?stage=Live
Alopecia areata images,https://dermnetnz.org/images/alopecia-areata-images/?stage=Live
Amelanotic melanoma images,https://dermnetnz.org/images/amelanotic-melanoma-images/?stage=Live
Anal cancer images,https://dermnetnz.org/topics/anal-cancer-images/?stage=Live
Angiofibromas images,https://dermnetnz.org/topics/angiofibromas-images/?stage=Live
Angiokeratomas images,https://dermnetnz.org/topics/angiokeratoma-images/?stage=Live
Angular cheilitis images,https://dermnetnz.org/images/angular-cheilitis-images/?stage=Live
Arthropod bites images,https://dermnetnz.org/image-catalogue/insect-mite-and-worm-bite-images/?stage=Live
Atopic dermatitis images,https://dermnetnz.org/images/atopic-dermatitis-images/?stage=Live
Atopic eczema images,https://dermnetnz.org/images/atopic-dermatitis-images/?stage=Live
Atopic flexural eczema images,https://dermnetnz.org/topics/atopic-flexural-eczema-images/?stage=Live
Atypical melanocytic naevus,https://dermnetnz.org/topics/atypical-naevus-images/?stage=Live
Atypical mycobacterial infection images,https://dermnetnz.org/topics/atypical-mycobacterial-infection-images/?stage=Live
Atypical naevus images,https://dermnetnz.org/topics/atypical-naevus-images/?stage=Live
Autoimmune alopecia images,https://dermnetnz.org/images/alopecia-areata-images/?stage=Live
B-K mole images,https://dermnetnz.org/topics/atypical-naevus-images/?stage=Live
BCC affecting the ear images,https://dermnetnz.org/topics/basal-cell-carcinoma-affecting-the-ear-images/?stage=Live
BCC affecting the eyelid images,https://dermnetnz.org/topics/basal-cell-carcinoma-affecting-the-eyelid-images/?stage=Live
BCC affecting the face images,https://dermnetnz.org/topics/basal-cell-carcinoma-affecting-the-face-images/?stage=Live
BCC affecting the nose images,https://dermnetnz.org/topics/basal-cell-carcinoma-affecting-the-nose-images/?stage=Live
BCC affecting the trunk images,https://dermnetnz.org/topics/basal-cell-carcinoma-affecting-the-trunk-images/?stage=Live
Bacteria images,https://dermnetnz.org/image-catalogue/bacterial-skin-infection-images/?stage=Live
Bacterial skin infection images,https://dermnetnz.org/image-catalogue/bacterial-skin-infection-images/?stage=Live
Balanitis images,https://dermnetnz.org/topics/balanitis-images/?stage=Live
Basal cell carcinoma affecting the ear images,https://dermnetnz.org/topics/basal-cell-carcinoma-affecting-the-ear-images/?stage=Live
Basal cell carcinoma affecting the eyelid images,https://dermnetnz.org/topics/basal-cell-carcinoma-affecting-the-eyelid-images/?stage=Live
Basal cell carcinoma affecting the face images,https://dermnetnz.org/topics/basal-cell-carcinoma-affecting-the-face-images/?stage=Live
Basal cell carcinoma affecting the nose images,https://dermnetnz.org/topics/basal-cell-carcinoma-affecting-the-nose-images/?stage=Live
Basal cell carcinoma affecting the trunk images,https://dermnetnz.org/topics/basal-cell-carcinoma-affecting-the-trunk-images/?stage=Live
Basal cell epithelioma affecting the ear images,https://dermnetnz.org/topics/basal-cell-carcinoma-affecting-the-ear-images/?stage=Live
Basal cell epithelioma affecting the eyelid images,https://dermnetnz.org/topics/basal-cell-carcinoma-affecting-the-eyelid-images/?stage=Live
Basal cell epithelioma affecting the face images,https://dermnetnz.org/topics/basal-cell-carcinoma-affecting-the-face-images/?stage=Live
Basal cell epithelioma affecting the nose images,https://dermnetnz.org/topics/basal-cell-carcinoma-affecting-the-nose-images/?stage=Live
Basal cell epithelioma affecting the trunk images,https://dermnetnz.org/topics/basal-cell-carcinoma-affecting-the-trunk-images/?stage=Live
Basalioma affecting the ear images,https://dermnetnz.org/topics/basal-cell-carcinoma-affecting-the-ear-images/?stage=Live
Basalioma affecting the eyelid images,https://dermnetnz.org/topics/basal-cell-carcinoma-affecting-the-eyelid-images/?stage=Live
Basalioma affecting the face images,https://dermnetnz.org/topics/basal-cell-carcinoma-affecting-the-face-images/?stage=Live
Basalioma affecting the nose images,https://dermnetnz.org/topics/basal-cell-carcinoma-affecting-the-nose-images/?stage=Live
Basalioma affecting the trunk images,https://dermnetnz.org/topics/basal-cell-carcinoma-affecting-the-trunk-images/?stage=Live
Behcet disease images,https://dermnetnz.org/images/behcet-disease-images/?stage=Live
Besnier prurigo images,https://dermnetnz.org/images/atopic-dermatitis-images/?stage=Live
Bowenoid papulosis images,https://dermnetnz.org/topics/bowenoid-papulosis-images/?stage=Live
Bullous pemphigoid images,https://dermnetnz.org/topics/bullous-pemphigoid-images/?stage=Live
COVID-19 images,https://dermnetnz.org/topics/covid-19-images/?stage=Live
"Candida affecting the lips, mouth and face images",https://dermnetnz.org/topics/candida-affecting-the-lips-mouth-and-face-images/?stage=Live
Candida albicans affecting the nail images,https://dermnetnz.org/topics/candida-albicans-affecting-the-nail-images/?stage=Live
Candida intertrigo images,https://dermnetnz.org/topics/candida-intertrigo-images/?stage=Live
Candida vulvovaginitis images,https://dermnetnz.org/topics/candida-vulvovaginitis-images/?stage=Live
"Candidiasis affecting the lips, mouth and face images",https://dermnetnz.org/topics/candida-affecting-the-lips-mouth-and-face-images/?stage=Live
"Candidosis affecting the lips, mouth and face images",https://dermnetnz.org/topics/candida-affecting-the-lips-mouth-and-face-images/?stage=Live
Capillaritis images,https://dermnetnz.org/topics/capillaritis-images/?stage=Live
Cherry angioma images,https://dermnetnz.org/topics/cherry-angioma-images/?stage=Live
Chronic plaque psoriasis images,https://dermnetnz.org/topics/chronic-plaque-psoriasis-images/?stage=Live
Clark nevus images,https://dermnetnz.org/topics/atypical-naevus-images/?stage=Live
Clavus images,https://dermnetnz.org/topics/corn-clavus-images/?stage=Live
Conditions affecting the ear images,https://dermnetnz.org/topics/conditions-affecting-the-ear-images/?stage=Live
Contact allergic dermatitis of the arm and leg images,https://dermnetnz.org/topics/contact-allergic-dermatitis-of-the-arm-and-leg-images/?stage=Live
Contact allergic dermatitis of the face images,https://dermnetnz.org/topics/contact-allergic-dermatitis-of-the-face-images/?stage=Live
Contact allergic dermatitis of the hand images,https://dermnetnz.org/topics/contact-allergic-dermatitis-of-the-hand-images/?stage=Live
Contact allergic dermatitis of the torso images,https://dermnetnz.org/topics/contact-allergic-dermatitis-of-the-torso-images/?stage=Live
Contact irritant dermatitis images,https://dermnetnz.org/topics/contact-irritant-dermatitis-images/?stage=Live
Corn images,https://dermnetnz.org/topics/corn-clavus-images/?stage=Live
Cutaneous horn images,https://dermnetnz.org/topics/cutaneous-horn-images/?stage=Live
Cutaneous lupus erythematosus images,https://dermnetnz.org/topics/cutaneous-lupus-erythematosus-images/?stage=Live
Cutaneous tuberculosis images,https://dermnetnz.org/topics/cutaneous-tuberculosis-images/?stage=Live
Cysts affecting the vulval area images,https://dermnetnz.org/?stage=Live
Deep dermal disorder images,https://dermnetnz.org/image-catalogue/deep-dermal-disorder-images/?stage=Live
Dermatitis images,https://dermnetnz.org/images/atopic-dermatitis-images/?stage=Live
Dermatofibroma images,https://dermnetnz.org/topics/dermatofibroma-images/?stage=Live
Dermatomyositis images,https://dermnetnz.org/topics/dermatomyositis-images/?stage=Live
Dermographism images,https://dermnetnz.org/topics/dermographism-images/?stage=Live
Dermoscopy course images,https://dermnetnz.org/image-catalogue/dermoscopy-course-images/?stage=Live
Digital myxoid cyst images,https://dermnetnz.org/topics/digital-myxoid-cyst-images/?stage=Live
Discoid eczema images,https://dermnetnz.org/images/discoid-eczema-images/?stage=Live
Disease relating to site or age images,https://dermnetnz.org/image-catalogue/disease-relating-to-site-or-age-images/?stage=Live
Dry skin images,https://dermnetnz.org/topics/dry-skin-images/?stage=Live
Dysplastic naevi images,https://dermnetnz.org/topics/atypical-naevus-images/?stage=Live
Eccrine poroma images,https://dermnetnz.org/topics/eccrine-poroma-images/?stage=Live
Ecthyma images,https://dermnetnz.org/topics/ecthyma-images/?stage=Live
Eczema herpeticum images,https://dermnetnz.org/topics/eczema-herpeticum-images/?stage=Live
Ehlers–Danlos syndrome images,https://dermnetnz.org/topics/ehlers-danlos-syndrome-images/?stage=Live
Enteroviral infection images,https://dermnetnz.org/images/hand-foot-and-mouth-disease-images/?stage=Live
Epidermal and pilar cyst images,https://dermnetnz.org/topics/epidermoid-and-trichilemmal-cyst-images/?stage=Live
Epiloia images,https://dermnetnz.org/topics/tuberous-sclerosis-images/?stage=Live
Epiloia images,https://dermnetnz.org/topics/tuberous-sclerosis-images/?stage=Live
Erythema infectiosum images,https://dermnetnz.org/topics/erythema-infectiosum-fifth-disease-images/?stage=Live
Erythema migrans images,https://dermnetnz.org/topics/erythema-migrans-images/?stage=Live
Erythema multiforme images,https://dermnetnz.org/topics/erythema-multiforme-images/?stage=Live
Erythema nodosum images,https://dermnetnz.org/topics/erythema-nodosum-images/?stage=Live
Erythrasma images,https://dermnetnz.org/topics/erythrasma-images/?stage=Live
Erythroderma images,https://dermnetnz.org/topics/erythroderma-images/?stage=Live
Extragenital lichen sclerosus images,https://dermnetnz.org/topics/extragenital-lichen-sclerosus-images/?stage=Live
Eyebrow loss images,https://dermnetnz.org/topics/madarosis-images/?stage=Live
Eyelash loss images,https://dermnetnz.org/topics/madarosis-images/?stage=Live
Eyelid dermatitis images,https://dermnetnz.org/topics/eyelid-dermatitis-images/?stage=Live
Fabry disease images,https://dermnetnz.org/topics/angiokeratoma-images/?stage=Live
Facial acne images,https://dermnetnz.org/topics/acne-face-images/?stage=Live
Facial psoriasis images,https://dermnetnz.org/topics/facial-psoriasis-images/?stage=Live
Fibrofolliculomas in Birt–Hogg–Dubé images,https://dermnetnz.org/topics/fibrofolliculomas-in-birthoggdube-images/?stage=Live
Fifth disease images,https://dermnetnz.org/topics/erythema-infectiosum-fifth-disease-images/?stage=Live
Fishtank granuloma images,https://dermnetnz.org/topics/atypical-mycobacterial-infection-images/?stage=Live
Flexural psoriasis images,https://dermnetnz.org/topics/flexural-psoriasis-images/?stage=Live
Folliculitis images,https://dermnetnz.org/topics/folliculitis-images/?stage=Live
Folliculitis keloidalis images,https://dermnetnz.org/topics/folliculitis-keloidalis-images/?stage=Live
Fordyce angiokeratoma images,https://dermnetnz.org/topics/angiokeratoma-images/?stage=Live
Fungal skin infection images,https://dermnetnz.org/image-catalogue/fungal-skin-infection-images/?stage=Live
Generalised pustular psoriasis images,https://dermnetnz.org/topics/generalised-pustular-psoriasis-images/?stage=Live
Genital Crohn disease images,https://dermnetnz.org/topics/genital-crohn-disease-images/?stage=Live
Genital herpes images,https://dermnetnz.org/topics/genital-herpes-images/?stage=Live
Genital lichen planus images,https://dermnetnz.org/images/genital-lichen-planus-images/?stage=Live
Genital psoriasis images,https://dermnetnz.org/topics/genital-psoriasis-images/?stage=Live
Genital wart images,https://dermnetnz.org/images/genital-wart-images/?stage=Live
Gougerot Blum images,https://dermnetnz.org/topics/capillaritis-images/?stage=Live
Gouty tophus images,https://dermnetnz.org/topics/gouty-tophi-images/?stage=Live
Granular parakeratosis images,https://dermnetnz.org/topics/granular-parakeratosis-images/?stage=Live
Granuloma annulare images,https://dermnetnz.org/topics/granuloma-annulare-images/?stage=Live
Grover disease,https://dermnetnz.org/topics/transient-acantholytic-dermatosis-images/?stage=Live
Guttate psoriasis images,https://dermnetnz.org/topics/guttate-psoriasis-images/?stage=Live
"Hair, scalp, nail and sweat images",https://dermnetnz.org/image-catalogue/hair-scalp-nail-and-sweat-images/?stage=Live
Halo mole images,https://dermnetnz.org/topics/halo-mole-images/?stage=Live
Hand dermatitis images,https://dermnetnz.org/topics/hand-dermatitis-images/?stage=Live
Hand foot and mouth disease images,https://dermnetnz.org/images/hand-foot-and-mouth-disease-images/?stage=Live
Herpes simplex images,https://dermnetnz.org/topics/herpes-simplex-images/?stage=Live
Herpes zoster images,https://dermnetnz.org/topics/herpes-zoster-images/?stage=Live
Hidradenitis suppurativa images,https://dermnetnz.org/topics/hidradenitis-suppurativa-images/?stage=Live
Hidrocystoma images,https://dermnetnz.org/topics/hidrocystoma-images/?stage=Live
Hypomelanotic malignant melanoma images,https://dermnetnz.org/images/amelanotic-melanoma-images/?stage=Live
Ichthyosis images,https://dermnetnz.org/topics/ichthyosis-images/?stage=Live
Immunological disorder images,https://dermnetnz.org/image-catalogue/immunological-disorder-images/?stage=Live
Impetigo images,https://dermnetnz.org/images/impetigo-images/?stage=Live
In situ squamous cell carcinoma images,https://dermnetnz.org/topics/intraepidermal-carcinoma-images/?stage=Live
Infantile acne images,https://dermnetnz.org/topics/infantile-acne-images/?stage=Live
Infantile papular acrodermatitis images,https://dermnetnz.org/topics/infantile-papular-acrodermatitis-images/?stage=Live
Insect bite images,https://dermnetnz.org/topics/insect-bite-images/?stage=Live
"Insect, mite and worm bite images",https://dermnetnz.org/image-catalogue/insect-mite-and-worm-bite-images/?stage=Live
Juvenile plantar dermatosis images,https://dermnetnz.org/topics/juvenile-plantar-dermatosis-images/?stage=Live
Kaposi sarcoma images,https://dermnetnz.org/topics/kaposi-sarcoma-images/?stage=Live
Keloid images,https://dermnetnz.org/images/keloid-images/?stage=Live
Keratoacanthoma images,https://dermnetnz.org/topics/keratoacanthoma-images/?stage=Live
Keratolytic winter erythema,https://dermnetnz.org/topics/keratolytic-winter-erythema-images/?stage=Live
Keratosis pilaris images,https://dermnetnz.org/topics/keratosis-pilaris-images/?stage=Live
Kerion images,https://dermnetnz.org/topics/kerion-images/?stage=Live
Labial fusion images,https://dermnetnz.org/topics/labial-fusion-images/?stage=Live
Lax beetle images,https://dermnetnz.org/topics/?stage=Live
Leg ulcer images,https://dermnetnz.org/topics/leg-ulcer-images/?stage=Live
Leishmaniasis images,https://dermnetnz.org/?stage=Live
Lentigo images,https://dermnetnz.org/topics/lentigo-images/?stage=Live
Lentigo maligna melanoma images,https://dermnetnz.org/images/lentigo-maligna-melanoma-images/?stage=Live
"Lesion, tumour and cancer images",https://dermnetnz.org/image-catalogue/lesion-tumour-and-cancer-images/?stage=Live
Lichen aureus images,https://dermnetnz.org/topics/capillaritis-images/?stage=Live
Lichen planus images,https://dermnetnz.org/images/lichen-planus-images/?stage=Live
Lichen planus nail images,https://dermnetnz.org/images/nail-lichen-planus-images/?stage=Live
Lichen simplex images,https://dermnetnz.org/?stage=Live
Lipodermatosclerosis,https://dermnetnz.org/topics/lipodermatosclerosis-images/?stage=Live
Loss of eyebrows images,https://dermnetnz.org/topics/madarosis-images/?stage=Live
Loss of eyelashes images,https://dermnetnz.org/topics/madarosis-images/?stage=Live
Madarosis images,https://dermnetnz.org/topics/madarosis-images/?stage=Live
Majocchi purpura images,https://dermnetnz.org/topics/capillaritis-images/?stage=Live
Mammmary and extramammary Paget disease,https://dermnetnz.org/topics/mammary-and-extramammary-paget-disease-of-the-skin-images/?stage=Live
Measles images,https://dermnetnz.org/topics/measles-images/?stage=Live
Melanoma in situ images,https://dermnetnz.org/topics/melanoma-in-situ-images/?stage=Live
Melanoma of nail unit images,https://dermnetnz.org/topics/melanoma-of-nail-unit-images/?stage=Live
Melanonychia images,https://dermnetnz.org/topics/melanonychia-images/?stage=Live
Melasma images,https://dermnetnz.org/topics/melasma-images/?stage=Live
Metastatic melanoma images,https://dermnetnz.org/topics/metastatic-melanoma-images/?stage=Live
Milia images,https://dermnetnz.org/topics/milia-images/?stage=Live
Mole images,https://dermnetnz.org/topics/mole-images/?stage=Live
Molluscum contagiosum images,https://dermnetnz.org/topics/molluscum-contagiosum-images/?stage=Live
"Moniliasis affecting the lips, mouth and face images",https://dermnetnz.org/topics/candida-affecting-the-lips-mouth-and-face-images/?stage=Live
Morphea images,https://dermnetnz.org/topics/morphoea-images/?stage=Live
Nail psoriasis images,https://dermnetnz.org/topics/nail-psoriasis-images/?stage=Live
Necrotising fasciitis images,https://dermnetnz.org/topics/necrotising-fasciitis-images/?stage=Live
Neurofibromatosis images,https://dermnetnz.org/topics/neurofibromatosis-images/?stage=Live
Nodular BCC images,https://dermnetnz.org/topics/nodular-bcc-images/?stage=Live
Nodular basal cell carcinoma images,https://dermnetnz.org/topics/nodular-bcc-images/?stage=Live
Nodular melanoma images,https://dermnetnz.org/images/nodular-melanoma-images/?stage=Live
Nontuberculous mycobacteria images,https://dermnetnz.org/topics/atypical-mycobacterial-infection-images/?stage=Live
Nummular dermatitis images,https://dermnetnz.org/images/discoid-eczema-images/?stage=Live
Orf images,https://dermnetnz.org/topics/orf-images/?stage=Live
PMLE images,https://dermnetnz.org/images/polymorphic-light-eruption-images/?stage=Live
Palmoplantar psoriasis images,https://dermnetnz.org/topics/palmoplantar-psoriasis-images/?stage=Live
Palmoplantar pustulosis images,https://dermnetnz.org/topics/palmoplantar-pustulosis-images/?stage=Live
Paronychia images,https://dermnetnz.org/topics/paronychia-images/?stage=Live
Patch test images,https://dermnetnz.org/topics/patch-test-images/?stage=Live
Pemphigus vulgaris,https://dermnetnz.org/images/pemphigus-vulgaris-images/?stage=Live
Penile epithelial neoplasia images,https://dermnetnz.org/topics/penile-epithelial-neoplasia-images/?stage=Live
Penile infections images,https://dermnetnz.org/topics/balanitis-images/?stage=Live
Penile lichen planus images,https://dermnetnz.org/images/genital-lichen-planus-images/?stage=Live
Penile lichen sclerosus,https://dermnetnz.org/topics/penile-lichen-sclerosus-images/?stage=Live
Penile pearly papules images,https://dermnetnz.org/topics/pearly-penile-papules-images/?stage=Live
Perianal lichen sclerosus images,https://dermnetnz.org/topics/perianal-lichen-sclerosus-images/?stage=Live
Perioral dermatitis images,https://dermnetnz.org/images/periorificial-dermatitis-images/?stage=Live
Perleche images,https://dermnetnz.org/images/angular-cheilitis-images/?stage=Live
Perlèche images,https://dermnetnz.org/images/angular-cheilitis-images/?stage=Live
Phototherapy course images,https://dermnetnz.org/image-catalogue/phototherapy-course-images/?stage=Live
Piezogenic papule images,https://dermnetnz.org/topics/piezogenic-papule-images/?stage=Live
Pigmentation problem images,https://dermnetnz.org/image-catalogue/pigmentation-problem-images/?stage=Live
Pigmented purpura images,https://dermnetnz.org/topics/capillaritis-images/?stage=Live
Pigmented purpuric lichenoid dermatosis images,https://dermnetnz.org/topics/capillaritis-images/?stage=Live
Pityriasis alba images,https://dermnetnz.org/images/pityrasis-alba-images/?stage=Live
Pityriasis rosea images,https://dermnetnz.org/?stage=Live
Pityriasis versicolor images,https://dermnetnz.org/topics/pityriasis-versicolor-images/?stage=Live
Plasma cell balanitis/vulvitis images,https://dermnetnz.org/topics/plasma-cell-balanitisvulvitis-images/?stage=Live
Polymorphic light eruption images,https://dermnetnz.org/images/polymorphic-light-eruption-images/?stage=Live
Polymorphous light eruption images,https://dermnetnz.org/images/polymorphic-light-eruption-images/?stage=Live
Pompholyx images,https://dermnetnz.org/topics/pompholyx-images/?stage=Live
Pretibial myxoedema images,https://dermnetnz.org/topics/pretibial-myxoedema-images/?stage=Live
Principals of dermatological practice course images,https://dermnetnz.org/image-catalogue/principals-of-dermatological-practice-course-images/?stage=Live
Procedures images,https://dermnetnz.org/image-catalogue/procedures-images/?stage=Live
Prurigo of pregnancy images,https://dermnetnz.org/topics/prurigo-of-pregnancy-images/?stage=Live
Psoriasis affecting the face images,https://dermnetnz.org/topics/facial-psoriasis-images/?stage=Live
Psoriasis of the scalp images,https://dermnetnz.org/topics/psoriasis-of-the-scalp-images/?stage=Live
Purpura annularis telangiectodes images,https://dermnetnz.org/topics/capillaritis-images/?stage=Live
Pustular psoriasis of the hand and feet images,https://dermnetnz.org/topics/palmoplantar-pustulosis-images/?stage=Live
Reactions to external agent images,https://dermnetnz.org/image-catalogue/reactions-to-external-agent-images/?stage=Live
Rhinophyma images,https://dermnetnz.org/topics/rhinophyma-images/?stage=Live
Rodent ulcer affecting the ear images,https://dermnetnz.org/topics/basal-cell-carcinoma-affecting-the-ear-images/?stage=Live
Rodent ulcer affecting the eyelid images,https://dermnetnz.org/topics/basal-cell-carcinoma-affecting-the-eyelid-images/?stage=Live
Rodent ulcer affecting the face images,https://dermnetnz.org/topics/basal-cell-carcinoma-affecting-the-face-images/?stage=Live
Rodent ulcer affecting the nose images,https://dermnetnz.org/topics/basal-cell-carcinoma-affecting-the-nose-images/?stage=Live
Rodent ulcer affecting the trunk images,https://dermnetnz.org/topics/basal-cell-carcinoma-affecting-the-trunk-images/?stage=Live
Rosacea images,https://dermnetnz.org/images/rosacea-images/?stage=Live
Roseola images,https://dermnetnz.org/topics/roseola-images/?stage=Live
SJS-TEN images,https://dermnetnz.org/topics/sjs-ten-images/?stage=Live
SLE images,https://dermnetnz.org/topics/systemic-lupus-erythematosus-images/?stage=Live
Scabies images,https://dermnetnz.org/images/scabies-images/?stage=Live
Scalp folliculitis images,https://dermnetnz.org/topics/scalp-folliculitis-images/?stage=Live
Scaly skin disease images,https://dermnetnz.org/image-catalogue/scaly-skin-disease-images/?stage=Live
Schamberg disease images,https://dermnetnz.org/topics/capillaritis-images/?stage=Live
Sebaceous hyperplasia images,https://dermnetnz.org/topics/sebaceous-hyperplasia-images/?stage=Live
Seborrhoeic keratosis dermoscopy images,https://dermnetnz.org/topics/seborrhoeic-keratosis-dermoscopy-images/?stage=Live
Seborrhoeic keratosis images,https://dermnetnz.org/topics/seborrhoeic-keratosis-images/?stage=Live
Shiitake flagellate dermatitis images,https://dermnetnz.org/topics/shiitake-flagellate-dermatitis-images/?stage=Live
Skin pathology images,https://dermnetnz.org/image-catalogue/skin-pathology-images/?stage=Live
Skin signs of systemic disease images,https://dermnetnz.org/image-catalogue/skin-signs-of-systemic-disease-images/?stage=Live
Skin tag images,https://dermnetnz.org/topics/skin-tag-images/?stage=Live
Solar keratosis affecting the face images,https://dermnetnz.org/topics/actinic-keratosis-face-images/?stage=Live
Solar keratosis affecting the hand images,https://dermnetnz.org/topics/actinic-keratosis-affecting-the-hand-images/?stage=Live
Solar keratosis affecting the legs and feet images,https://dermnetnz.org/topics/actinic-keratosis-leg-and-foot-images/?stage=Live
Solar keratosis affecting the scalp images,https://dermnetnz.org/topics/actinic-keratosis-scalp-images/?stage=Live
Solar keratosis on the nose images,https://dermnetnz.org/topics/actinic-keratosis-on-the-nose-images/?stage=Live
Solar keratosis treated with imiquimod images,https://dermnetnz.org/topics/actinic-keratosis-imiquimod-images/?stage=Live
Solar lentigo images,https://dermnetnz.org/topics/solar-lentigo-images/?stage=Live
Spa pool folliculitis images,https://dermnetnz.org/topics/spa-pool-folliculitis-images/?stage=Live
Spider naevus images,https://dermnetnz.org/topics/spider-telangiectasis-images/?stage=Live
Spider telangiectasis images,https://dermnetnz.org/topics/spider-telangiectasis-images/?stage=Live
Squamous cell carcinoma of limbs images,https://dermnetnz.org/topics/squamous-cell-carcinoma-of-limbs-images/?stage=Live
Squamous cell carcinoma of the ear images,https://dermnetnz.org/topics/squamous-cell-carcinoma-of-the-ear-images/?stage=Live
Squamous cell carcinoma of the lip images,https://dermnetnz.org/topics/squamous-cell-carcinoma-of-the-lip-images/?stage=Live
Squamous cell carcinoma on the face images,https://dermnetnz.org/topics/squamous-cell-carcinoma-on-the-face-images/?stage=Live
Staphylococcal scalded skin images,https://dermnetnz.org/images/staphylococcal-scalded-skin-syndrome-images/?stage=Live
Steroid acne images,https://dermnetnz.org/topics/steroid-acne-images/?stage=Live
Subungual haemorrhage,https://dermnetnz.org/?stage=Live
Superficial spreading melanoma images,https://dermnetnz.org/images/superficial-spreading-melanoma-images/?stage=Live
Supernumerary nipple images,https://dermnetnz.org/topics/supernumerary-nipple-images/?stage=Live
Syphilis images,https://dermnetnz.org/topics/syphilis-images/?stage=Live
Systemic lupus erythematosus images,https://dermnetnz.org/topics/systemic-lupus-erythematosus-images/?stage=Live
Tinea corporis images,https://dermnetnz.org/topics/tinea-corporis-images/?stage=Live
Tinea pedis images,https://dermnetnz.org/topics/tinea-pedis-images/?stage=Live
Transient acantholytic dermatosis,https://dermnetnz.org/topics/transient-acantholytic-dermatosis-images/?stage=Live
Treatment images,https://dermnetnz.org/image-catalogue/treatment-images/?stage=Live
Trichotillomania images,https://dermnetnz.org/topics/trichotillomania-images/?stage=Live
Tuberous sclerosis images,https://dermnetnz.org/topics/tuberous-sclerosis-images/?stage=Live
Ungual squamous cell carcinoma in situ images,https://dermnetnz.org/topics/ungual-squamous-cell-carcinoma-in-situ-images/?stage=Live
Urticaria images,https://dermnetnz.org/topics/urticaria-images/?stage=Live
Urticarial vasculitis images,https://dermnetnz.org/topics/urticarial-vasculitis-images/?stage=Live
Varicella images,https://dermnetnz.org/topics/varicella-images/?stage=Live
Vascular malformation images,https://dermnetnz.org/topics/vascular-malformation/?stage=Live
Vasculitis images,https://dermnetnz.org/topics/vasculitis-images/?stage=Live
Venous lake images,https://dermnetnz.org/topics/venous-lake-images/?stage=Live
Viral skin infections images,https://dermnetnz.org/image-catalogue/viral-skin-infections/?stage=Live
Viral warts images,https://dermnetnz.org/topics/viral-warts-images/?stage=Live
Vitiligo images,https://dermnetnz.org/images/vitiligo-images/?stage=Live
Vulval cancer images,https://dermnetnz.org/images/vulval-cancer-images/?stage=Live
Vulval erosive lichen planus images,https://dermnetnz.org/images/vulval-erosive-lichen-planus-images/?stage=Live
Vulval intraepithelial neoplasia images,https://dermnetnz.org/topics/vulval-intraepithelial-neoplasia-images/?stage=Live
Vulval lichen planus images,https://dermnetnz.org/images/genital-lichen-planus-images/?stage=Live
Vulval lichen sclerosus images,https://dermnetnz.org/topics/vulval-lichen-sclerosus-images/?stage=Live
Vulval ulcer images,https://dermnetnz.org/topics/vulval-ulcer-images/?stage=Live
Vulvovaginal candidiasis images,https://dermnetnz.org/topics/vulvovaginal-candidiasis-images/?stage=Live
Xanthelasma images,https://dermnetnz.org/topics/xanthelasma-images/?stage=Live
Xeroderma pigmentosum images,https://dermnetnz.org/topics/xeroderma-pigmentosum-images/?stage=Live
